code,name,nameEn,type,currency,riskLevel,issuer,listedDate
A059,가상 배당 ETF 93(중복행),Virtual Dividend ETF Dup93,ETF,USD,1,한빛자산운용,2022-08-12
A103,가상 원자재 펀드 07,Virtual Commodity Fund 07,FUND,KRW,3,가상자산운용,2016-09-10
A017,가상 배당 채권 02,Virtual Dividend Bond 02,BOND,krw,2,별빛자산운용,2019/09/18
A027,가상 안정 펀드 02,Virtual Stable Fund 02,FUND,US$,2,청명자산운용,20230309
A033,가상 가치 채권 03,Virtual Value Bond 03,BOND,원,3,청명자산운용,20221103
A051,가상 에너지 펀드 04,Virtual Energy Fund 04,FUND,원,1,청명자산운용,20250809
A052,가상 인프라 ETF 04,Virtual infra etf 04,ETF,USD,2,대륙자산운용,2015-02-09
A008,가상 소비재 채권 01,Virtual consumer bond 01,BOND,krw,3,은하자산운용,2022/02/13
A081,가상 에너지 채권 06,Virtual Energy Bond 06,BOND,원,1,청명자산운용,20251207
A028,가상 원자재 펀드 02,Virtual commodity fund 02,FUND,KRW,3,대륙자산운용,2018-11-27
A002,가상 배당 ETF 01,Virtual dividend etf 01,ETF,krw,2,은하자산운용,2016/01/16
A005,가상 헬스케어 ETF 01,Virtual Healthcare ETF 01,ETF,krw,5,별빛자산운용,2018/11/17
A071,가상 혁신 ETF 05,Virtual Innovation ETF 05,ETF,krw,1,별빛자산운용,2021/03/16
A020,가상 헬스케어 ETF 02,Virtual healthcare etf 02,ETF,krw,5,은하자산운용,2019/12/15
A009,가상 금융 ETF 01,Virtual Finance ETF 01,ETF,원,4,청명자산운용,20211225
A111,가상 에너지 ETF 08,Virtual Energy ETF 08,ETF,US$,1,청명자산운용,20230705
A083,가상 소비재 채권 06,Virtual Consumer Bond 06,BOND,krw,3,별빛자산운용,2021/02/01
A029,가상 부동산 펀드 02,Virtual RealEstate Fund 02,FUND,krw,4,별빛자산운용,2023/12/12
A026,가상 혁신 ETF 02,Virtual innovation etf 02,ETF,usd,1,은하자산운용,2017/10/18
A006,가상 에너지 펀드 01,Virtual energy fund 01,FUND,원,1,한빛자산운용,20160128
A047,가상 배당 펀드 04,Virtual Dividend Fund 04,FUND,krw,2,별빛자산운용,2015/09/17
A048,가상 가치 펀드 04,Virtual value fund 04,FUND,원,3,한빛자산운용,20231213
A050,가상 헬스케어 ETF 04,Virtual healthcare etf 04,ETF,krw,5,은하자산운용,2015/12/02
A004,가상 기술 ETF 01,Virtual tech etf 01,ETF,KRW,4,대륙자산운용,2022-11-19
A118,가상 원자재 ETF 08,Virtual commodity etf 08,ETF,USD,3,대륙자산운용,2022-04-19
A041,가상 혁신 펀드 03,Virtual Innovation Fund 03,FUND,usd,1,별빛자산운용,2020/03/25
A044,가상 부동산 ETF 03,Virtual realestate etf 03,ETF,usd,4,은하자산운용,2021/04/13
A100,가상 글로벌 펀드 07,Virtual global fund 07,FUND,KRW,5,대륙자산운용,2020-08-05
A040,가상 글로벌 펀드 03,Virtual global fund 03,FUND,KRW,5,대륙자산운용,2016-07-09
A089,가상 부동산 ETF 06,Virtual RealEstate ETF 06,ETF,usd,4,별빛자산운용,2023/11/18
A024,가상 금융 채권 02,Virtual finance bond 02,BOND,원,4,한빛자산운용,20150918
A014,가상 부동산 ETF 01,Virtual realestate etf 01,ETF,usd,4,은하자산운용,2025/06/09
A035,가상 헬스케어 ETF 03,Virtual Healthcare ETF 03,ETF,krw,5,별빛자산운용,2024/12/01
A114,가상 금융 ETF 08,Virtual finance etf 08,ETF,원,4,한빛자산운용,20230225
A064,가상 기술 ETF 05,Virtual tech etf 05,ETF,KRW,4,대륙자산운용,2021-11-08
A095,가상 헬스케어 ETF 07,Virtual Healthcare ETF 07,ETF,krw,5,별빛자산운용,2022/06/25
A091,가상 성장 ETF 07,Virtual Growth ETF 07,ETF,USD,1,가상자산운용,2020-08-26
A062,가상 배당 ETF 05,Virtual dividend etf 05,ETF,krw,2,은하자산운용,2022/11/06
A056,가상 혁신 펀드 04,Virtual innovation fund 04,FUND,usd,1,은하자산운용,2021/06/14
A012,가상 중소형 ETF 99(중복행),Virtual SmallCap ETF Dup99,ETF,KRW,4,가상자산운용,2016-03-01
A037,가상 인프라 펀드 03,Virtual Infra Fund 03,FUND,KRW,2,가상자산운용,2015-10-30
A026,가상 부동산 ETF 98(중복행),Virtual RealEstate ETF Dup98,ETF,usd,3,청명자산운용,2025/11/19
A019,가상 기술 채권 02,Virtual Tech Bond 02,BOND,KRW,4,가상자산운용,2017-08-11
A061,가상 기술 ETF 92(중복행),Virtual Tech ETF Dup92,ETF,usd,3,은하자산운용,2021/08/12
A104,가상 부동산 채권 07,Virtual realestate bond 07,BOND,usd,4,은하자산운용,2020/09/02
A039,가상 금융 ETF 03,Virtual Finance ETF 03,ETF,원,4,청명자산운용,20251224
A060,가상 중소형 채권 04,Virtual smallcap bond 04,BOND,원,5,한빛자산운용,20181222
A003,가상 가치 채권 01,Virtual Value Bond 01,BOND,원,3,청명자산운용,20250811
A068,가상 소비재 펀드 05,Virtual consumer fund 05,FUND,usd,3,은하자산운용,2019/08/19
A025,가상 글로벌 펀드 02,Virtual Global Fund 02,FUND,KRW,,가상자산운용,2018-06-13
A083,가상 혁신 채권 91(중복행),Virtual Innovation Bond Dup91,BOND,원,5,한빛자산운용,20220217
A097,가상 인프라 채권 07,Virtual Infra Bond 07,BOND,USD,2,가상자산운용,2019-05-14
A086,가상 혁신 펀드 06,Virtual innovation fund 06,FUND,krw,1,은하자산운용,2020/03/28
A084,가상 금융 펀드 06,Virtual finance fund 06,FUND,US$,4,한빛자산운용,20220822
A066,가상 에너지 펀드 05,Virtual energy fund 05,FUND,US$,1,한빛자산운용,20170415
A030,가상 중소형 ETF 02,Virtual smallcap etf 02,ETF,원,5,한빛자산운용,20231123
A096,가상 에너지 ETF 07,Virtual energy etf 07,ETF,원,1,한빛자산운용,20170114
A120,가상 가치 ETF 90(중복행),Virtual Value ETF Dup90,ETF,KRW,2,가상자산운용,2016-01-29
A105,가상 중소형 채권 07,Virtual SmallCap Bond 07,BOND,원,5,청명자산운용,20211127
A016,가상 성장 ETF 02,Virtual growth etf 02,ETF,KRW,1,대륙자산운용,2022-09-21
A075,가상 중소형 펀드 05,Virtual SmallCap Fund 05,FUND,US$,5,청명자산운용,20160114
A059,가상 부동산 ETF 04,Virtual RealEstate ETF 04,ETF,usd,4,별빛자산운용,2020/05/20
A056,가상 부동산 펀드 94(중복행),Virtual RealEstate Fund Dup94,FUND,US$,3,청명자산운용,20201121
A072,가상 안정 채권 05,Virtual stable bond 05,BOND,원,2,한빛자산운용,20150805
A074,가상 부동산 펀드 05,Virtual realestate fund 05,FUND,krw,,은하자산운용,2015/04/30
A099,가상 금융 펀드 07,Virtual Finance Fund 07,FUND,원,4,청명자산운용,20231103
A116,가상 혁신 채권 08,Virtual innovation bond 08,BOND,usd,1,은하자산운용,2019/09/07
A067,가상 인프라 펀드 05,Virtual Infra Fund 05,FUND,KRW,2,가상자산운용,2016-02-11
A110,가상 헬스케어 채권 08,Virtual healthcare bond 08,BOND,krw,5,은하자산운용,2025/11/03
A042,가상 안정 ETF 03,Virtual stable etf 03,ETF,원,2,한빛자산운용,20160214
A036,가상 에너지 펀드 03,Virtual energy fund 03,FUND,원,1,한빛자산운용,20170122
A034,가상 기술 펀드 03,Virtual tech fund 03,FUND,KRW,4,대륙자산운용,2017-02-27
A094,가상 기술 채권 07,Virtual tech bond 07,BOND,USD,4,대륙자산운용,2022-08-25
A041,가상 부동산 펀드 96(중복행),Virtual RealEstate Fund Dup96,FUND,USD,3,한빛자산운용,2023-12-12
A102,가상 안정 ETF 07,Virtual stable etf 07,ETF,US$,2,한빛자산운용,20180101
A085,가상 글로벌 ETF 06,Virtual Global ETF 06,ETF,USD,5,가상자산운용,2023-07-13
A057,가상 안정 펀드 04,Virtual Stable Fund 04,FUND,US$,,청명자산운용,20230310
A077,가상 배당 ETF 06,Virtual Dividend ETF 06,ETF,usd,2,별빛자산운용,2025/08/06
A051,가상 금융 펀드 95(중복행),Virtual Finance Fund Dup95,FUND,krw,3,대륙자산운용,2024/02/29
A088,가상 원자재 펀드 06,Virtual commodity fund 06,FUND,USD,3,대륙자산운용,2023-08-31
A107,가상 배당 펀드 08,Virtual Dividend Fund 08,FUND,krw,2,별빛자산운용,2015/11/29
A038,가상 소비재 ETF 03,Virtual consumer etf 03,ETF,krw,,은하자산운용,2022/03/16
A012,가상 안정 ETF 01,Virtual stable etf 01,ETF,원,2,한빛자산운용,20190903
A007,가상 인프라 채권 01,Virtual Infra Bond 01,BOND,USD,2,가상자산운용,2025-06-09
A073,가상 원자재 펀드 05,Virtual Commodity Fund 05,FUND,KRW,3,가상자산운용,2022-12-30
A054,가상 금융 ETF 04,Virtual finance etf 04,ETF,원,4,한빛자산운용,20171118
A015,가상 중소형 채권 01,Virtual SmallCap Bond 01,BOND,원,5,청명자산운용,20150816
A115,가상 글로벌 채권 08,Virtual Global Bond 08,BOND,KRW,,가상자산운용,2020-01-26
A112,가상 인프라 ETF 08,Virtual infra etf 08,ETF,USD,2,대륙자산운용,2022-05-25
A018,가상 가치 ETF 02,Virtual value etf 02,ETF,원,3,한빛자산운용,20240124
A023,가상 소비재 ETF 02,Virtual Consumer ETF 02,ETF,krw,3,별빛자산운용,2018/09/25
A090,가상 중소형 ETF 06,Virtual smallcap etf 06,ETF,원,5,한빛자산운용,20190505
A049,가상 기술 채권 04,Virtual Tech Bond 04,BOND,KRW,4,가상자산운용,2020-07-07
A022,가상 인프라 ETF 02,Virtual infra etf 02,ETF,USD,2,대륙자산운용,2023-05-10
A108,가상 가치 ETF 08,Virtual value etf 08,ETF,원,,한빛자산운용,20211029
A011,가상 혁신 펀드 01,Virtual Innovation Fund 01,FUND,krw,1,별빛자산운용,2016/11/03
A053,가상 소비재 채권 04,Virtual Consumer Bond 04,BOND,krw,3,별빛자산운용,2019/10/20
A069,가상 금융 ETF 05,Virtual Finance ETF 05,ETF,US$,4,청명자산운용,20220909
A021,가상 에너지 펀드 02,Virtual Energy Fund 02,FUND,원,1,청명자산운용,20170305
A045,가상 중소형 펀드 03,Virtual SmallCap Fund 03,FUND,원,5,청명자산운용,20210527
A098,가상 소비재 ETF 07,Virtual consumer etf 07,ETF,krw,3,은하자산운용,2024/03/17
A010,가상 글로벌 채권 01,Virtual global bond 01,BOND,KRW,5,대륙자산운용,2018-04-15
A061,가상 성장 ETF 05,Virtual Growth ETF 05,ETF,USD,1,가상자산운용,2025-05-26
A106,가상 성장 채권 08,Virtual growth bond 08,BOND,USD,1,대륙자산운용,2019-04-05
A037,가상 글로벌 펀드 97(중복행),Virtual Global Fund Dup97,FUND,원,4,은하자산운용,20240620
A063,가상 가치 ETF 05,Virtual Value ETF 05,ETF,원,3,청명자산운용,20230915
A113,가상 소비재 펀드 08,Virtual Consumer Fund 08,FUND,usd,,별빛자산운용,2024/08/17
A065,가상 헬스케어 ETF 05,Virtual Healthcare ETF 05,ETF,usd,5,별빛자산운용,2017/02/10
A058,가상 원자재 펀드 04,Virtual commodity fund 04,FUND,USD,3,대륙자산운용,2019-09-04
A013,가상 원자재 ETF 01,Virtual Commodity ETF 01,ETF,USD,3,가상자산운용,2022-08-02
A055,가상 글로벌 ETF 04,Virtual Global ETF 04,ETF,KRW,5,가상자산운용,2022-07-06
A117,가상 안정 ETF 08,Virtual Stable ETF 08,ETF,원,,청명자산운용,20220820
A092,가상 배당 채권 07,Virtual dividend bond 07,BOND,krw,2,은하자산운용,2018/07/14
A080,가상 헬스케어 펀드 06,Virtual healthcare fund 06,FUND,krw,5,은하자산운용,2024/09/15
A082,가상 인프라 펀드 06,Virtual infra fund 06,FUND,USD,2,대륙자산운용,2018-05-02
A031,가상 성장 ETF 03,Virtual Growth ETF 03,ETF,KRW,1,가상자산운용,2024-08-17
A087,가상 안정 펀드 06,Virtual Stable Fund 06,FUND,원,2,청명자산운용,20161211
A079,가상 기술 ETF 06,Virtual Tech ETF 06,ETF,KRW,4,가상자산운용,2024-03-24
A120,가상 중소형 ETF 08,Virtual smallcap etf 08,ETF,원,5,한빛자산운용,20240609
A076,가상 성장 ETF 06,Virtual growth etf 06,ETF,USD,1,대륙자산운용,2020-09-07
A109,가상 기술 펀드 08,Virtual Tech Fund 08,FUND,USD,4,가상자산운용,2023-08-27
A032,가상 배당 ETF 03,Virtual dividend etf 03,ETF,krw,2,은하자산운용,2021/02/05
A078,가상 가치 ETF 06,Virtual value etf 06,ETF,US$,3,한빛자산운용,20201009
A119,가상 부동산 ETF 08,Virtual RealEstate ETF 08,ETF,krw,4,별빛자산운용,2024/10/02
A001,가상 성장 채권 01,Virtual Growth Bond 01,BOND,KRW,1,가상자산운용,2022-01-29
A043,가상 원자재 ETF 03,Virtual Commodity ETF 03,ETF,KRW,3,가상자산운용,2023-09-29
A046,가상 성장 펀드 04,Virtual growth fund 04,FUND,KRW,1,대륙자산운용,2022-11-12
A101,가상 혁신 펀드 07,Virtual Innovation Fund 07,FUND,usd,1,별빛자산운용,2018/04/15
A093,가상 가치 펀드 07,Virtual Value Fund 07,FUND,원,3,청명자산운용,20251025
A070,가상 글로벌 ETF 05,Virtual global etf 05,ETF,KRW,5,대륙자산운용,2019-11-13
